<?xml version="1.0"?>
<!--
/**
* Webkul Software.
*
* @category Webkul
* @package Webkul_MpAdvertisementManager
* @author Webkul
* @copyright Copyright (c) Webkul Software Private Limited (https://webkul.com)
* @license https://store.webkul.com/license.html
 */
-->
<config xmlns:xsi="http://www.w3.org/2001/XMLSchema-instance" xsi:noNamespaceSchemaLocation="urn:magento:framework:Event/etc/events.xsd">
    <event name="sales_order_invoice_register">
        <observer name="webkul_mpadvertisementmanager_AfterInvoiceGeneration" instance="Webkul\MpAdvertisementManager\Observer\AfterInvoiceGeneration" shared="false" />
    </event>
    <event name="checkout_submit_all_after">
        <observer name="webkul_mpadvertisementmanager_AfterPlaceOrder" instance="Webkul\MpAdvertisementManager\Observer\AfterPlaceOrder" shared="false" />
    </event>
    <event name="model_delete_before">
        <observer name="webkul_mpadvertisementmanager_BeforeDeleteAdsProduct" instance="Webkul\MpAdvertisementManager\Observer\BeforeDeleteAdsProduct" shared="false" />
    </event>
    <event name="controller_action_predispatch_checkout_index_index">
        <observer name="webkul_mpadvertisementmanager_BeforeCheckout" instance="Webkul\MpAdvertisementManager\Observer\BeforeCheckout" shared="false" />
    </event>
</config>
