<?xml version="1.0"?>
<!--
/**
 * Webkul Software.
 *
 * @category  Webkul
 * @package   Webkul_MpRewardSystem
 * @author    Webkul
 * @copyright Copyright (c) Webkul Software protected Limited (https://webkul.com)
 * @license   https://store.webkul.com/license.html
 */
 -->
<config xmlns:xsi="http://www.w3.org/2001/XMLSchema-instance" xsi:noNamespaceSchemaLocation="urn:magento:framework:ObjectManager/etc/config.xsd">
	<type name="Magento\Checkout\Model\CompositeConfigProvider">
        <arguments>
            <argument name="configProviders" xsi:type="array">
                <item name="rewards_config_provider" xsi:type="object">Webkul\MpRewardSystem\Model\RewardsConfigProvider</item>
            </argument>
        </arguments>
    </type>
</config>
