<?xml version="1.0"?>
<!--
/**
 * Webkul Software
 *
 * @category  Webkul
 * @package   Webkul_Otp
 * @author    Webkul
 * @copyright Copyright (c) Webkul Software Private Limited (https://webkul.com)
 * @license   https://store.webkul.com/license.html
 */ -->
<config xmlns:xsi="http://www.w3.org/2001/XMLSchema-instance" xsi:noNamespaceSchemaLocation="urn:magento:framework:ObjectManager/etc/config.xsd">
    <type name="Magento\Checkout\Model\CompositeConfigProvider">
        <arguments>
            <argument name="configProviders" xsi:type="array">
                <item name="additional_provider" xsi:type="object">Webkul\Otp\Model\AdditionalConfigProvider</item>
            </argument>
        </arguments>
    </type>
    <type name="Magento\Checkout\Block\Checkout\LayoutProcessor">
        <plugin name="opt_shipping_login_checkout_processor" type="Webkul\Otp\Plugin\CheckoutProcessor" />
    </type>
</config>