<?xml version="1.0"?>
<!-- /**
 * Webkul Software
 *
 * @category  Webkul
 * @package   Webkul_Otp
 * @author    Webkul
 * @copyright Copyright (c) Webkul Software Private Limited (https://webkul.com)
 * @license   https://store.webkul.com/license.html
 */ -->
<schema xmlns:xsi="http://www.w3.org/2001/XMLSchema-instance" xsi:noNamespaceSchemaLocation="urn:magento:framework:Setup/Declaration/Schema/etc/schema.xsd">
    <table name="wk_otp" resource="default" engine="innodb" comment="Webkul One Time Password Module">
        <column xsi:type="int" name="entity_id" padding="10" unsigned="true" nullable="false" identity="true" comment="Entity Id"/>
        <column xsi:type="varchar" name="email" nullable="false" length="255" comment="Customer Email"/>
        <column xsi:type="varchar" name="otp" nullable="false" length="6" comment="OTP"/>
        <column xsi:type="timestamp" name="created_at" on_update="false" nullable="false" default="CURRENT_TIMESTAMP" comment="Created At"/>
        <constraint xsi:type="primary" referenceId="PRIMARY">
            <column name="entity_id"/>
        </constraint>
        <index referenceId="WK_OTP_EMAIL" indexType="btree">
            <column name="email"/>
        </index>
    </table>
</schema>
