<?xml version="1.0"?>
<!--
/**
 * Webkul Software
 *
 * @category Webkul
 * @package Webkul_MpRewardSystem
 * @author Webkul
 * @copyright Copyright (c) Webkul Software protected Limited (https://webkul.com)
 * @license https://store.webkul.com/license.html
 */
 -->
<config xmlns:xsi="http://www.w3.org/2001/XMLSchema-instance" xsi:noNamespaceSchemaLocation="urn:magento:framework:ObjectManager/etc/config.xsd">
    <!-- plugins -->
    <type name="Magento\Review\Model\ResourceModel\Review">
        <plugin name="Webkul_MpRewardSystem::afterAggregate" type="Webkul\MpRewardSystem\Plugin\Model\ResourceModel\Review" sortOrder="1" />
    </type>
    <!-- plugins ends -->
    <preference for="Webkul\MpRewardSystem\Api\RewardRepositoryInterface" type="Webkul\MpRewardSystem\Model\RewardRepository" />
    <preference for="Webkul\MpRewardSystem\Api\Data\RewardproductInterface" type="Webkul\MpRewardSystem\Model\Rewardproduct"/>
    <preference for="Webkul\MpRewardSystem\Api\Data\RewardcategoryInterface" type="Webkul\MpRewardSystem\Model\Rewardcategory"/>
    <preference for="Webkul\MpRewardSystem\Api\RewardproductRepositoryInterface" type="Webkul\MpRewardSystem\Model\RewardproductRepository"/>
    <preference for="Webkul\MpRewardSystem\Api\RewardcategoryRepositoryInterface" type="Webkul\MpRewardSystem\Model\RewardcategoryRepository"/>
    <preference for="Webkul\MpRewardSystem\Api\Data\RewardrecordInterface" type="Webkul\MpRewardSystem\Model\Rewardrecord"/>
    <preference for="Webkul\MpRewardSystem\Api\RewardrecordRepositoryInterface" type="Webkul\MpRewardSystem\Model\RewardrecordRepository"/>
    <preference for="Webkul\MpRewardSystem\Api\Data\RewarddetailInterface" type="Webkul\MpRewardSystem\Model\Rewarddetail"/>
    <preference for="Webkul\MpRewardSystem\Api\RewarddetailRepositoryInterface" type="Webkul\MpRewardSystem\Model\RewarddetailRepository"/>
    <type name="Magento\Framework\EntityManager\MetadataPool">
        <arguments>
            <argument name="metadata" xsi:type="array">
                <item name="Webkul\MpRewardSystem\Api\Data\RewardproductInterface" xsi:type="array">
                    <item name="entityTableName" xsi:type="string">wk_mp_reward_products</item>
                    <item name="identifierField" xsi:type="string">entity_id</item>
                </item>
            </argument>
        </arguments>
    </type>
    <type name="Magento\Framework\EntityManager\MetadataPool">
        <arguments>
            <argument name="metadata" xsi:type="array">
                <item name="Webkul\MpRewardSystem\Api\Data\RewardcategoryInterface" xsi:type="array">
                    <item name="entityTableName" xsi:type="string">wk_mp_reward_category</item>
                    <item name="identifierField" xsi:type="string">entity_id</item>
                </item>
            </argument>
        </arguments>
    </type>
    <type name="Magento\Framework\EntityManager\MetadataPool">
        <arguments>
            <argument name="metadata" xsi:type="array">
                <item name="Webkul\MpRewardSystem\Api\Data\RewarddetailInterface" xsi:type="array">
                    <item name="entityTableName" xsi:type="string">wk_mp_reward_details</item>
                    <item name="identifierField" xsi:type="string">entity_id</item>
                </item>
            </argument>
        </arguments>
    </type>
    <type name="Magento\Framework\EntityManager\MetadataPool">
        <arguments>
            <argument name="metadata" xsi:type="array">
                <item name="Webkul\MpRewardSystem\Api\Data\RewardrecordInterface" xsi:type="array">
                    <item name="entityTableName" xsi:type="string">wk_mp_reward_record</item>
                    <item name="identifierField" xsi:type="string">entity_id</item>
                </item>
            </argument>
        </arguments>
    </type>
    <type name="Magento\Framework\View\Element\UiComponent\DataProvider\CollectionFactory">
        <arguments>
            <argument name="collections" xsi:type="array">
                <item name="mprewardsystem_category_data_source" xsi:type="string">Webkul\MpRewardSystem\Model\ResourceModel\Category\Grid\Collection</item>
            </argument>
        </arguments>
    </type>
    <virtualType name="Webkul\MpRewardSystem\Model\ResourceModel\Category\Grid\Collection">
        <arguments>
            <argument name="mainTable" xsi:type="string">catalog_category_entity</argument>
            <argument name="eventPrefix" xsi:type="string">mprewardsystem_category_grid_collection</argument>
            <argument name="eventObject" xsi:type="string">mprewardsystem_category_grid_collection</argument>
            <argument name="resourceModel" xsi:type="string">Webkul\MpRewardSystem\Model\ResourceModel\Category</argument>
        </arguments>
    </virtualType>
    <!-- ========================================================================================== -->
    <virtualType name="MpRewardcartGridDataProvider" type="Magento\Framework\View\Element\UiComponent\DataProvider\DataProvider">
        <arguments>
            <argument name="collection" xsi:type="object" shared="false">Webkul\MpRewardSystem\Model\ResourceModel\Rewardcart\Collection</argument>
            <argument name="filterPool" xsi:type="object" shared="false">MpRewardcartGirdFilterPool</argument>
        </arguments>
    </virtualType>
    <type name="Magento\Framework\View\Element\UiComponent\DataProvider\CollectionFactory">
        <arguments>
            <argument name="collections" xsi:type="array">
                <item name="mprewardSystem_rewardcart_data_source" xsi:type="string">Webkul\MpRewardSystem\Model\ResourceModel\Rewardcart\Grid\Collection</item>
            </argument>
        </arguments>
    </type>
    <type name="Webkul\MpRewardSystem\Model\ResourceModel\Rewardcart\Grid\Collection">
        <arguments>
            <argument name="mainTable" xsi:type="string">wk_mp_reward_cart</argument>
            <argument name="eventPrefix" xsi:type="string">webkul_mprewardSystem_grid_collection</argument>
            <argument name="eventObject" xsi:type="string">webkul_grid_collection</argument>
            <argument name="resourceModel" xsi:type="string">Webkul\MpRewardSystem\Model\ResourceModel\Rewardcart</argument>
        </arguments>
    </type>
    <!-- ========================================================================================== -->
    <virtualType name="Webkul\MpRewardSystem\Model\ResourceModel\Rewardrecord\Grid\Collection" type="Magento\Framework\View\Element\UiComponent\DataProvider\SearchResult">
        <arguments>
            <argument name="mainTable" xsi:type="string">wk_mp_reward_record</argument>
            <argument name="resourceModel" xsi:type="string">webkul\MpRewardSystem\Model\ResourceModel\Rewardrecord</argument>
        </arguments>
    </virtualType>
    <type name="Magento\Framework\View\Element\UiComponent\DataProvider\CollectionFactory">
        <arguments>
            <argument name="collections" xsi:type="array">
                <item name="mprewardsystem_reward_list_data_source" xsi:type="string">Webkul\MpRewardSystem\Model\ResourceModel\Rewardrecord\Grid\Collection</item>
            </argument>
        </arguments>
    </type>
    <type name="Webkul\MpRewardSystem\Model\ResourceModel\Rewardrecord\Grid\Collection">
        <arguments>
            <argument name="mainTable" xsi:type="string">wk_mp_reward_record</argument>
            <argument name="eventPrefix" xsi:type="string">mprewardsystem_reward_grid_collection</argument>
            <argument name="eventObject" xsi:type="string">reward_grid_collection</argument>
            <argument name="resourceModel" xsi:type="string">Webkul\MpRewardSystem\Model\ResourceModel\Rewardrecord</argument>
        </arguments>
    </type>
    <!-- ========================================================================================== -->
    <type name="\Webkul\Marketplace\Helper\Data">
        <plugin name="Webkul_MpRewardSystem::updatedHelperDataFile" type="Webkul\MpRewardSystem\Plugin\Helper\Data" sortOrder="100" />
    </type>
    <type name="Webkul\MpRewardSystem\Logger\Handler">
        <arguments>
            <argument name="filesystem" xsi:type="object">Magento\Framework\Filesystem\Driver\File</argument>
        </arguments>
    </type>
    <type name="Webkul\MpRewardSystem\Logger\Logger">
        <arguments>
            <argument name="name" xsi:type="string">customLogHandler</argument>
            <argument name="handlers" xsi:type="array">
                <item name="system" xsi:type="object">Webkul\MpRewardSystem\Logger\Handler</item>
            </argument>
        </arguments>
    </type>
    <!-- =================================================================================== -->
    <type name="Webkul\MpRewardSystem\Ui\Component\MassAction\Status\CartStatus">
        <arguments>
            <argument name="data" xsi:type="array">
                <item name="urlPath" xsi:type="string">*/*/massUpdate</item>
                <item name="paramName" xsi:type="string">cartruleupdate</item>
                <item name="confirm" xsi:type="array">
                    <item name="title" xsi:type="string" translate="true">Cart Rule Status</item>
                    <item name="message" xsi:type="string" translate="true">Are you sure to update status of selected Cart Rules?</item>
                </item>
            </argument>
        </arguments>
    </type>
</config>
