<?xml version="1.0"?>
<!--
/**
 * Webkul Software
 *
 * @category Webkul
 * @package Webkul_MpRewardSystem
 * @author Webkul
 * @copyright Copyright (c) Webkul Software protected Limited (https://webkul.com)
 * @license https://store.webkul.com/license.html
 */
-->
<config xmlns:xsi="http://www.w3.org/2001/XMLSchema-instance" xsi:noNamespaceSchemaLocation="urn:magento:framework:Event/etc/events.xsd">
    <event name="customer_register_success">
        <observer name="webkul_mprewardsystem_customer_register_success_observer" instance="Webkul\MpRewardSystem\Observer\CustomerRegisterSuccessObserver" />
    </event>
    <event name="sales_quote_remove_item">
        <observer name="webkul_mprewardsystem_sales_quote_remove_item_observer" instance="Webkul\MpRewardSystem\Observer\CartProductRemoveAfterObserver" />
    </event>
   <event name="checkout_cart_product_add_after">
        <observer name="webkul_mprewardsystem_checkout_cart_product_add_after_observer" instance="Webkul\MpRewardSystem\Observer\CartProductAddAfterObserver" />
    </event>
   <event name="sales_model_service_quote_submit_before">
        <observer name="webkul_mprewardsystem_quote_submit_before" instance="Webkul\MpRewardSystem\Observer\SalesModelServiceQuoteSubmitBefore" />
    </event>
    <event name="checkout_submit_all_after">
        <observer name="webkul_mprewardsystem_sales_order_place_after_observer" instance="Webkul\MpRewardSystem\Observer\SalesOrderPlaceAfterObserver" />
    </event>
    <event name="sales_order_invoice_register">
        <observer name="webkul_mprewardsystem_sales_order_invoice_save_after_observer" instance="Webkul\MpRewardSystem\Observer\SalesOrderInvoiceSaveAfterObserver" />
    </event>
    <event name="mp_discount_manager">
        <observer name="webkul_mprewardsystem_discount_manager_observer" instance="Webkul\MpRewardSystem\Observer\DeductItemDiscountAmountObserver" />
    </event>
    <event name="sales_order_creditmemo_save_after">
        <observer name="webkul_mprewardsystem_sales_order_creditmemo_save_after_observer" instance="Webkul\MpRewardSystem\Observer\SalesOrderCreditmemoSaveAfterObserver" />
    </event>
</config>
