<?xml version="1.0"?>
<!--
/**
 * Webkul Software
 *
 * @category Webkul
 * @package Webkul_MpRewardSystem
 * @author Webkul
 * @copyright Copyright (c) Webkul Software protected Limited (https://webkul.com)
 * @license https://store.webkul.com/license.html
 */
-->
<config xmlns:xsi="http://www.w3.org/2001/XMLSchema-instance" xsi:noNamespaceSchemaLocation="urn:magento:framework:Module/etc/module.xsd">
    <module name="Webkul_MpRewardSystem">
      <sequence>
    		<module name="Webkul_Marketplace"/>
            <module name="Magento_Sales"/>
            <module name="Magento_Quote"/>
            <module name="Magento_Checkout"/>
        </sequence>
    </module>
</config>
