<?xml version="1.0"?>
<!--
/**
 * Webkul Software.
 *
 * @category  Webkul
 * @package   Webkul_MpRewardSystem
 * @author    Webkul
 * @copyright Copyright (c) Webkul Software protected Limited (https://webkul.com)
 * @license   https://store.webkul.com/license.html
 */
 -->
<config xmlns:xsi="http://www.w3.org/2001/XMLSchema-instance" xsi:noNamespaceSchemaLocation="urn:magento:module:Magento_Sales:etc/sales.xsd">
    <section name="quote">
        <group name="totals">
             <item name="rewardamount" instance="Webkul\MpRewardSystem\Model\Quote\Address\Total\Rewardamount" sort_order="451"/>
        </group>
    </section>
    <section name="order_invoice">
        <group name="totals">
            <item name="rewardamount" instance="Webkul\MpRewardSystem\Model\Order\Invoice\Total\Rewardamount" sort_order="451"/>
        </group>
    </section>
    <section name="order_creditmemo">
        <group name="totals">
            <item name="rewardamount" instance="Webkul\MpRewardSystem\Model\Order\Creditmemo\Total\Rewardamount" sort_order="451"/>
        </group>
    </section>
</config>
